time,ProvidenciaExampleScenario.node[1907].veinsmobility.speed
27281,4.65429
27281.5,5.53143
27282,6.47133
27282.5,6.93254
27283,7.64947
27283.5,8.62599
27284,9.73925
27284.5,10.2959
27285,11.1992
27285.5,12.2758
27286,13.4392
27286.5,14.2932
27287,14.425
27287.5,12.175
27288,10.1862
27288.5,10.1862
27289,8.28888
27289.5,8.28888
27290,7.87475
27290.5,7.60712
27291,7.66885
27291.5,7.69432
27292,7.71264
27292.5,7.69374
27293,7.64003
27293.5,7.55452
