time,ProvidenciaExampleScenario.node[5757].veinsmobility.speed
27889,0
27889.5,0
27890,0
27890.5,0.0928034
27891,0.281359
27891.5,0.520166
27892,0
27892.5,0.438065
27893,0
27893.5,0.121157
27894,0
27894.5,0.295296
27895,0
27895.5,0.295242
27896,0.365203
27896.5,0.619728
27897,0.905079
27897.5,1.09798
27898,0
27898.5,0.746456
27899,0
27899.5,0.344396
27900,0.40105
