time,ProvidenciaExampleScenario.node[5751].veinsmobility.speed
27887.5,5.01591
27888,5.58268
27888.5,6.45472
27889,7.51575
27889.5,8.4425
27890,8.95372
27890.5,9.33375
27891,9.46679
27891.5,9.59977
27892,9.73254
27892.5,10.0552
27893,10.182
27893.5,10.6332
27894,11.2823
27894.5,12.0432
27895,12.6073
27895.5,13.5901
27896,14.0855
27896.5,11.9678
27897,11.9678
27897.5,9.7178
27898,9.7178
27898.5,7.4678
27899,7.4678
27899.5,7.9678
27900,8.9678
