time,ProvidenciaExampleScenario.node[5741].veinsmobility.speed
27886,6.9
27886.5,8.15
27887,9.4
27887.5,10.65
27888,10.6012
27888.5,10.5159
27889,9.43071
27889.5,9.43071
27890,9.93071
27890.5,9.46937
27891,9.11716
27891.5,8.86569
27892,8.63313
27892.5,8.40882
27893,8.1787
27893.5,7.91907
27894,7.09324
27894.5,7.09324
27895,7.59324
27895.5,8.49658
27896,9.16696
27896.5,10.3373
27897,11.5873
27897.5,12.8373
27898,12.6337
27898.5,11.814
27899,11.814
27899.5,11
27900,11
