time,ProvidenciaExampleScenario.node[5770].veinsmobility.speed
27890.5,5.4
27891,5.45448
27891.5,5.09143
27892,5.22497
27892.5,5.33308
27893,5.39022
27893.5,5.42029
27894,5.40478
27894.5,5.28616
27895,4.16755
27895.5,3.41887
27896,3.41887
27896.5,3.3216
27897,3.13117
27897.5,2.86991
27898,2.0129
27898.5,2.0129
27899,1.21816
27899.5,0.79527
27900,0
