time,ProvidenciaExampleScenario.node[5798].veinsmobility.speed
27894.5,0
27895,0.616539
27895.5,0.766961
27896,0
27896.5,0.0547791
27897,0.317016
27897.5,0.710805
27898,1.16516
27898.5,1.58246
27899,1.88913
27899.5,2.29463
27900,2.32034
