time,ProvidenciaExampleScenario.node[2682].veinsmobility.speed
27392,6.9
27392.5,8.15
27393,9.4
27393.5,9.53621
27394,9.67187
27394.5,9.78967
27395,9.88556
27395.5,9.95767
27396,10.0054
27396.5,10.0289
27397,10.0288
27397.5,10.006
27398,9.96152
27398.5,9.40223
27399,9.12119
27399.5,8.85107
27400,8.59095
27400.5,8.53999
27401,8.28307
27401.5,8.03464
27402,8.28621
27402.5,9.03777
27403,10.2878
