time,ProvidenciaExampleScenario.node[5771].veinsmobility.speed
27890.5,5.5
27891,6.75
27891.5,6.86449
27892,7.47898
27892.5,8.59348
27893,9.66351
27893.5,9.79712
27894,9.93063
27894.5,10.0641
27895,10.1971
27895.5,10.3275
27896,10.4563
27896.5,10.5902
27897,11.2241
27897.5,12.1167
27898,13.3667
27898.5,14.6167
27899,14.7446
27899.5,14.7579
27900,14.7551
