time,ProvidenciaExampleScenario.node[2755].veinsmobility.speed
27403.5,6.9
27404,6.90913
27404.5,6.91505
27405,6.9178
27405.5,7.42056
27406,8.42331
27406.5,9.67331
27407,9.2186
27407.5,8.8231
27408,8.92761
27408.5,9.42761
27409,9.92761
27409.5,10.4276
27410,10.9276
27410.5,10.2708
27411,9.68646
27411.5,9.16364
27412,8.69343
27412.5,8.26842
27413,7.88246
27413.5,7.53035
27414,7.67824
27414.5,8.32613
27415,9.47402
27415.5,9.23145
