time,ProvidenciaExampleScenario.node[5822].veinsmobility.speed
27898,5.79441
27898.5,5.91045
27899,6.0195
27899.5,6.15465
27900,6.28633
