time,ProvidenciaExampleScenario.node[5820].veinsmobility.speed
27898,5.03395
27898.5,5.53395
27899,5.64625
27899.5,5.61808
27900,6.08991
