time,ProvidenciaExampleScenario.node[5719].veinsmobility.speed
27881,2.94153
27881.5,-1.09461
27882,0
27882.5,0
27883,0
27883.5,0.0678986
27884,0.140167
27884.5,0
27885,0
27885.5,0
27886,0
27886.5,0
27887,0
27887.5,0
27888,0
27888.5,0
27889,0
27889.5,0
27890,0
27890.5,0
27891,0
27891.5,0
27892,0
27892.5,0
27893,0
27893.5,0
27894,0
27894.5,0
27895,0
27895.5,0
27896,0
27896.5,0
27897,0
27897.5,0
27898,0
27898.5,0
27899,0
27899.5,0
27900,0
