time,ProvidenciaExampleScenario.node[5802].veinsmobility.speed
27895,4.03472
27895.5,4.60208
27896,2.35208
27896.5,0.118364
27897,0
27897.5,0
27898,0
27898.5,0
27899,0
27899.5,0
27900,0
