time,ProvidenciaExampleScenario.node[3538].veinsmobility.speed
27518,6.9
27518.5,7.4
27519,7.9
27519.5,8.9
27520,10.15
27520.5,11.4
27521,12.65
27521.5,12.7944
27522,13.4389
27522.5,13.4173
27523,13.3404
27523.5,13.056
27524,12.4512
27524.5,11.8954
27525,10.9286
27525.5,9.57692
27526,9.57692
27526.5,9.62996
27527,9.645
27527.5,9.61855
