time,ProvidenciaExampleScenario.node[5809].veinsmobility.speed
27896,5.77539
27896.5,4.61696
27897,4.61696
27897.5,4.55357
27898,4.99018
27898.5,5.69481
27899,5.8353
27899.5,4.8898
27900,3.29692
