time,ProvidenciaExampleScenario.node[5753].veinsmobility.speed
27887.5,5.5
27888,5.63858
27888.5,5.77576
27889,5.91075
27889.5,6.04124
27890,6.16803
27890.5,6.29147
27891,6.41137
27891.5,6.2327
27892,6.0093
27892.5,6.13547
27893,6.76164
27893.5,7.18797
27894,7.40692
27894.5,7.51161
27895,7.54838
27895.5,7.52691
27896,7.36137
27896.5,6.95088
27897,5.5404
27897.5,3.2904
27898,3.2904
27898.5,1.63099
27899,0.811231
27899.5,0.405329
27900,0.497921
