time,ProvidenciaExampleScenario.node[5755].veinsmobility.speed
27888,6.9
27888.5,5.95009
27889,5.95009
27889.5,5.40559
27890,4.93128
27890.5,4.32405
27891,3.86296
27891.5,3.73287
27892,3.62715
27892.5,3.76207
27893,4.07024
27893.5,4.49156
27894,4.79865
27894.5,3.94854
27895,3.5429
27895.5,3.60545
27896,4.168
27896.5,5.09639
27897,5.99113
27897.5,-4.55193
27898,0
27898.5,0.186109
27899,0.307671
27899.5,0.648191
27900,1.48871
