time,ProvidenciaExampleScenario.node[5783].veinsmobility.speed
27892.5,5.5
27893,6.75
27893.5,6.79375
27894,7.29375
27894.5,7.79375
27895,7.79549
27895.5,7.79435
27896,7.79036
27896.5,7.78354
27897,7.77392
27897.5,8.26431
27898,8.76431
27898.5,9.26431
27899,9.76431
27899.5,10.2643
27900,9.79722
