time,ProvidenciaExampleScenario.node[5813].veinsmobility.speed
27896,2.7965
27896.5,2.94389
27897,3.08958
27897.5,3.23441
27898,3.37917
27898.5,3.5243
27899,3.66548
27899.5,4.30667
27900,5.28981
