time,ProvidenciaExampleScenario.node[5774].veinsmobility.speed
27891,0.764094
27891.5,1.26409
27892,2.26409
27892.5,3.51409
27893,4.2748
27893.5,4.67165
27894,5.04365
27894.5,5.48305
27895,6.42244
27895.5,6.51427
27896,5.88117
27896.5,5.88117
27897,5.9993
27897.5,5.20738
27898,4.35254
27898.5,3.59199
27899,3.08678
27899.5,2.7156
27900,2.42416
