time,ProvidenciaExampleScenario.node[5583].veinsmobility.speed
27895,3.64318
27895.5,3.72334
27896,4.11766
27896.5,4.61766
27897,4.73117
27897.5,2.48117
27898,0.231173
27898.5,0.38005
27899,0.88005
27899.5,1.38005
27900,0
