time,ProvidenciaExampleScenario.node[806].veinsmobility.speed
27119,6.14479
27119.5,7.39479
27120,8.64479
27120.5,9.89479
27121,10.041
27121.5,10.1842
27122,10.6842
27122.5,11.1842
27123,11.6842
27123.5,12.1842
27124,12.6842
27124.5,13.1842
27125,13.6367
27125.5,13.7068
27126,11.4568
27126.5,9.20681
27127,6.95681
27127.5,6.95681
27128,7.45681
27128.5,7.42678
27129,7.89675
27129.5,8.86672
27130,10.1167
