time,ProvidenciaExampleScenario.node[5547].veinsmobility.speed
27887.5,3.7
27888,4.95
27888.5,6.2
27889,7.45
27889.5,8.7
27890,8.80574
27890.5,8.52098
27891,7.83577
27891.5,7.83577
27892,7.22912
27892.5,6.99575
27893,5.76237
27893.5,4.20119
27894,4.20119
27894.5,4.70119
27895,5.70119
27895.5,6.95119
27896,8.20119
27896.5,9.45119
27897,10.7012
27897.5,11.9512
27898,10.5685
27898.5,9.47685
27899,8.57551
27899.5,7.80623
27900,7.80623
