time,ProvidenciaExampleScenario.node[5574].veinsmobility.speed
27893.5,2.41711
27894,2.41711
27894.5,2.91711
27895,2.40847
27895.5,2.40847
27896,2.43357
27896.5,2.95868
27897,3.98379
27897.5,3.87629
27898,3.91541
27898.5,3.6248
27899,3.27735
27899.5,2.90386
27900,3.03037
