time,ProvidenciaExampleScenario.node[5541].veinsmobility.speed
27886.5,4.63655
27887,4.75235
27887.5,4.86642
27888,4.97874
27888.5,5.08925
27889,5.19792
27889.5,5.3047
27890,5.40955
27890.5,5.51242
27891,5.61328
27891.5,6.21413
27892,7.31498
27892.5,8.56498
27893,9.81498
27893.5,11.065
27894,10.2903
27894.5,9.57006
27895,8.90024
27895.5,8.27695
27896,7.69665
27896.5,7.15604
27897,6.65209
27897.5,6.18198
27898,5.74309
27898.5,5.33301
27899,4.94949
27899.5,4.59043
27900,4.2539
