time,ProvidenciaExampleScenario.node[5564].veinsmobility.speed
27892,5.5
27892.5,5.45966
27893,5.42886
27893.5,5.89807
27894,6.39807
27894.5,6.89807
27895,7.39807
27895.5,7.89807
27896,8.39807
27896.5,8.89807
27897,9.39807
27897.5,9.89807
27898,10.3981
27898.5,10.8981
27899,11.3981
27899.5,11.8981
27900,12.8981
