time,ProvidenciaExampleScenario.node[5596].veinsmobility.speed
27897,4.53994
27897.5,4.66224
27898,4.80974
27898.5,4.95631
27899,4.3653
27899.5,4.0701
27900,3.54516
