time,ProvidenciaExampleScenario.node[5595].veinsmobility.speed
27896.5,5.7
27897,6.95
27897.5,8.2
27898,9.45
27898.5,9.59417
27899,9.73469
27899.5,9.67414
27900,9.61534
