time,ProvidenciaExampleScenario.node[5552].veinsmobility.speed
27889.5,6.9
27890,8.15
27890.5,9.4
27891,9.51216
27891.5,9.61908
27892,9.72173
27892.5,10.3244
27893,11.427
27893.5,12.677
27894,12.752
27894.5,12.8827
27895,13.0135
27895.5,13.1443
27896,13.2751
27896.5,13.4058
27897,13.5364
27897.5,13.667
27898,13.7965
27898.5,13.9358
27899,14.5752
27899.5,15.7031
27900,15.4904
