time,ProvidenciaExampleScenario.node[5588].veinsmobility.speed
27895.5,4.59057
27896,2.34057
27896.5,2.34057
27897,2.84057
27897.5,0.590572
27898,0.590572
27898.5,1.09057
27899,0.903206
27899.5,0
27900,0.0641302
