time,ProvidenciaExampleScenario.node[5570].veinsmobility.speed
27893,3.66177
27893.5,3.66177
27894,4.16177
27894.5,5.16177
27895,6.41177
27895.5,7.62493
27896,8.67017
27896.5,9.77723
27897,10.39
27897.5,10.802
27898,11.2551
27898.5,11.3865
27899,11.9951
27899.5,9.7451
27900,9.7451
