time,ProvidenciaExampleScenario.node[5592].veinsmobility.speed
27896.5,0.549888
27897,1.04989
27897.5,1.93674
27898,2.44322
27898.5,2.22927
27899,1.91322
27899.5,1.92699
27900,2.35528
