time,ProvidenciaExampleScenario.node[5542].veinsmobility.speed
27886.5,6.9
27887,8.15
27887.5,9.4
27888,10.65
27888.5,11.9
27889,10.3776
27889.5,10.3776
27890,9.27236
27890.5,8.49358
27891,7.98495
27891.5,7.98495
27892,8.48495
27892.5,9.48495
27893,10.735
27893.5,11.985
27894,12.1284
27894.5,12.2702
27895,12.4094
27895.5,12.5472
27896,12.6846
27896.5,12.8274
27897,12.934
27897.5,13.5405
27898,14.647
27898.5,14.6098
27899,14.608
27899.5,13.6061
27900,11
