time,ProvidenciaExampleScenario.node[5549].veinsmobility.speed
27889,6.14567
27889.5,6.24662
27890,6.34657
27890.5,6.44684
27891,6.53064
27891.5,6.41961
27892,6.02656
27892.5,5.10903
27893,3.35244
27893.5,3.35244
27894,3.47032
27894.5,1.22032
27895,0.931272
27895.5,1.14222
27896,1.12152
27896.5,1.14288
27897,1.28755
27897.5,1.43164
27898,2.07573
27898.5,2.14192
27899,2.12077
27899.5,2.59962
27900,0.910115
