time,ProvidenciaExampleScenario.node[5539].veinsmobility.speed
27886,6.36231
27886.5,7.34346
27887,5.97221
27887.5,5.97221
27888,6.47221
27888.5,7.47221
27889,8.49508
27889.5,9.74508
27890,10.8028
27890.5,11.6212
27891,12.0278
27891.5,12.6646
27892,13.4838
27892.5,14.3856
27893,15.2851
27893.5,16.0789
27894,16.5929
27894.5,16.9482
27895,17.3676
27895.5,17.6994
27896,17.6344
27896.5,17.6019
27897,17.5162
27897.5,17.9305
27898,16.1086
27898.5,14
27899,14
27899.5,14
27900,14
