time,ProvidenciaExampleScenario.node[5587].veinsmobility.speed
27895.5,7.1
27896,6.07584
27896.5,6.07584
27897,6.57584
27897.5,5.20429
27898,5.20429
27898.5,5.70429
27899,6.70429
27899.5,7.95429
27900,9.20429
