time,ProvidenciaExampleScenario.node[5563].veinsmobility.speed
27892,6.67888
27892.5,7.19331
27893,7.62155
27893.5,8.09372
27894,8.66771
27894.5,9.36489
27895,10.0766
27895.5,10.7344
27896,11.0256
27896.5,11.2278
27897,11.2242
27897.5,10.412
27898,8.59975
27898.5,8.59975
27899,6.34975
27899.5,6.34975
27900,4.71672
