time,ProvidenciaExampleScenario.node[5567].veinsmobility.speed
27892.5,2.15
27893,1.89148
27893.5,1.90068
27894,2.18177
27894.5,2.69677
27895,3.39914
27895.5,4.22367
27896,5.00116
27896.5,5.59109
27897,5.98006
27897.5,6.22309
27898,6.43546
27898.5,6.57207
27899,6.83112
27899.5,6.89256
27900,5.95884
