time,ProvidenciaExampleScenario.node[5566].veinsmobility.speed
27892.5,5.5
27893,6
27893.5,6.06601
27894,6.12901
27894.5,6.18898
27895,6.2459
27895.5,5.614
27896,5.614
27896.5,6.114
27897,6.1678
27897.5,6.21841
27898,6.71841
27898.5,7.21841
27899,7.71841
27899.5,7.70221
27900,8.18601
