time,ProvidenciaExampleScenario.node[5554].veinsmobility.speed
27890,3.4273
27890.5,2.06416
27891,2.06416
27891.5,1.72353
27892,1.57233
27892.5,1.72262
27893,2.18189
27893.5,2.86938
27894,3.69111
27894.5,4.67607
27895,5.56918
27895.5,6.07191
27896,6.33377
27896.5,6.42079
27897,6.53125
27897.5,6.81274
27898,7.0373
27898.5,7.16526
27899,4.91526
27899.5,4.91526
27900,5.04272
