time,ProvidenciaExampleScenario.node[5558].veinsmobility.speed
27890.5,5.4
27891,5.46205
27891.5,5.51814
27892,6.01814
27892.5,6.05173
27893,5.77184
27893.5,5.45375
27894,4.72754
27894.5,4.47612
27895,4.18133
27895.5,3.83086
27896,3.9804
27896.5,3.3369
27897,2.8304
27897.5,2.19789
27898,1.69881
27898.5,1.4017
27899,1.19196
27899.5,1.04609
27900,0.765338
