time,ProvidenciaExampleScenario.node[5602].veinsmobility.speed
27898.5,0
27899,0.125129
27899.5,0.388174
27900,0.689053
