time,ProvidenciaExampleScenario.node[5532].veinsmobility.speed
27884.5,0
27885,0
27885.5,0
27886,0
27886.5,0
27887,0
27887.5,0
27888,0
27888.5,0
27889,0
27889.5,0
27890,0
27890.5,0
27891,0
27891.5,0
27892,0
27892.5,0
27893,0
27893.5,0
27894,0
27894.5,0.5
27895,1.5
27895.5,2.07812
27896,2.0897
27896.5,2.0498
27897,1.98185
27897.5,1.8763
27898,1.05482
27898.5,0.0811163
27899,0
27899.5,0
27900,0
