time,RSUExampleScenario.node[1679].veinsmobility.speed
27249.5,6.9
27250,8.15
27250.5,9.4
27251,9.28171
27251.5,9.16994
27252,9.06415
27252.5,8.88853
27253,8.71536
27253.5,8.54472
27254,8.68009
27254.5,9.31546
27255,10.4508
27255.5,10.5873
27256,10.7085
27256.5,9.77416
27257,9.77416
27257.5,9.86788
27258,9.93359
27258.5,8.96797
27259,8.19748
27259.5,8.19748
27260,8.25379
27260.5,8.27151
