time,RSUExampleScenario.node[1902].veinsmobility.speed
27280.5,4.59263
27281,4.69306
27281.5,4.79307
27282,4.89257
27282.5,5.49207
27283,5.51454
27283.5,6.03701
27284,7.05948
27284.5,8.30948
27285,8.44699
27285.5,8.5806
27286,8.70867
27286.5,8.83637
27287,8.96359
27287.5,8.99052
27288,9.51745
27288.5,9.524
27289,9.53463
27289.5,9.56093
27290,9.58614
27290.5,9.60749
27291,9.62145
27291.5,9.6293
27292,9.45638
27292.5,9.26383
27293,9.07084
27293.5,8.84109
