time,RSUExampleScenario.node[5536].veinsmobility.speed
27885,6.9
27885.5,8.15
27886,9.4
27886.5,10.65
27887,11.9
27887.5,13.15
27888,12.5078
27888.5,11.8745
27889,11.003
27889.5,10.2062
27890,9.47637
27890.5,8.80634
27891,8.1869
27891.5,7.61062
27892,7.07472
27892.5,6.5766
27893,6.1138
27893.5,5.88394
27894,5.45494
27894.5,5.05596
27895,4.68396
27895.5,4.33617
27896,4.01098
27896.5,3.70689
27897,3.42173
27897.5,3.15347
27898,2.90112
27898.5,2.6631
27899,2.43793
27899.5,2.22453
27900,2.0219
