time,RSUExampleScenario.node[5545].veinsmobility.speed
27887.5,5.4
27888,5.52214
27888.5,5.63482
27889,5.73047
27889.5,5.79825
27890,4.91416
27890.5,4.29902
27891,3.82009
27891.5,3.45921
27892,3.5066
27892.5,3.49872
27893,3.47949
27893.5,3.4107
27894,3.30272
27894.5,3.12502
27895,2.83229
27895.5,2.26986
27896,2.26986
27896.5,1.88666
27897,1.36857
27897.5,1.01346
27898,0.768337
27898.5,0
27899,0.41847
27899.5,0.467489
27900,0
