time,RSUExampleScenario.node[5577].veinsmobility.speed
27894,2.15
27894.5,1.84196
27895,1.47681
27895.5,1.41537
27896,1.46554
27896.5,1.56313
27897,1.68408
27897.5,1.85566
27898,1.99889
27898.5,0.997594
27899,0.981454
27899.5,1.01908
27900,1.04895
