time,RSUExampleScenario.node[5581].veinsmobility.speed
27895,0
27895.5,0.304166
27896,0
27896.5,0
27897,0.210176
27897.5,0.241804
27898,0.496767
27898.5,0.774778
27899,1.00849
27899.5,1.22005
27900,1.76316
