time,RSUExampleScenario.node[5598].veinsmobility.speed
27898,6.05725
27898.5,6.48456
27899,6.77073
27899.5,7.03653
27900,7.15263
