time,RSUExampleScenario.node[5569].veinsmobility.speed
27893,6.9
27893.5,6.56851
27894,6.42769
27894.5,5.28688
27895,5.28688
27895.5,4.62088
27896,3.3243
27896.5,3.3243
27897,1.99142
27897.5,0.376495
27898,0.524535
27898.5,0.258207
27899,0.49188
27899.5,1.22555
27900,1.17627
