time,RSUExampleScenario.node[5584].veinsmobility.speed
27895,2.58289
27895.5,2.58289
27896,2.70929
27896.5,2.394
27897,2.21257
27897.5,2.09433
27898,2.21468
27898.5,2.31024
27899,2.37135
27899.5,2.4196
27900,2.42689
