time,RSUExampleScenario.node[5551].veinsmobility.speed
27889,3.5
27889.5,4.75
27890,6
27890.5,7.25
27891,7.3873
27891.5,7.53036
27892,7.55255
27892.5,8.07474
27893,8.21134
27893.5,8.06014
27894,8.16205
27894.5,7.87532
27895,7.81167
27895.5,7.73794
27896,8.16421
27896.5,7.72911
27897,7.41631
27897.5,7.13376
27898,6.85844
27898.5,6.54772
27899,6.11127
27899.5,4.79881
27900,4.79881
