time,RSUExampleScenario.node[5582].veinsmobility.speed
27895,0.814081
27895.5,1.33027
27896,1.35509
27896.5,1.39603
27897,1.56142
27897.5,1.88145
27898,2.24305
27898.5,2.61679
27899,2.95137
27899.5,3.17955
27900,3.27326
