time,RSUExampleScenario.node[5572].veinsmobility.speed
27893,6.5982
27893.5,6.6724
27894,6.7248
27894.5,6.7367
27895,6.69485
27895.5,6.58495
27896,6.39536
27896.5,6.11315
27897,5.70892
27897.5,5.03988
27898,5.03988
27898.5,5.53988
27899,5.96499
27899.5,5.998
27900,5.84906
