time,RSUExampleScenario.node[5559].veinsmobility.speed
27890.5,5.5
27891,6.75
27891.5,6.86449
27892,7.47898
27892.5,8.56203
27893,9.81203
27893.5,11.062
27894,12.312
27894.5,13.3134
27895,14.1954
27895.5,14.6969
27896,15.5592
27896.5,15.3973
27897,15.3163
27897.5,15.2758
27898,15.2556
27898.5,15.2455
27899,14.7309
27899.5,13.401
27900,12.2688
