time,RSUExampleScenario.node[5591].veinsmobility.speed
27896,0
27896.5,0
27897,0.149012
27897.5,0.297989
27898,0.748496
27898.5,1.699
27899,2.878
27899.5,0.627999
27900,0
