time,RSUExampleScenario.node[5561].veinsmobility.speed
27891,6.49236
27891.5,7.53854
27892,8.78854
27892.5,10.0385
27893,11.2885
27893.5,12.5385
27894,13.7885
27894.5,15.0385
27895,16.2885
27895.5,17.5385
27896,17.6795
27896.5,18.3205
27897,18.4524
27897.5,18.5787
27898,18.6963
27898.5,18.646
27899,18.6314
27899.5,18.6648
27900,16.6666
