time,RSUExampleScenario.node[5578].veinsmobility.speed
27894.5,1.22725
27895,1.72725
27895.5,2.48567
27896,2.63402
27896.5,3.11615
27897,3.3943
27897.5,3.56567
27898,3.6512
27898.5,3.59183
27899,3.4021
27899.5,3.3254
27900,3.0827
