time,RSUExampleScenario.node[5579].veinsmobility.speed
27894.5,3.17868
27895,3.67868
27895.5,4.67868
27896,5.92868
27896.5,5.35776
27897,3.78683
27897.5,1.53683
27898,0.141981
27898.5,0
27899,0
27899.5,0.718026
27900,1.04635
