time,RSUExampleScenario.node[5550].veinsmobility.speed
27889,5.5
27889.5,6.75
27890,8
27890.5,8.13392
27891,8.20147
27891.5,8.25917
27892,8.20004
27892.5,8.14398
27893,8.1816
27893.5,8.21015
27894,8.22939
27894.5,8.74863
27895,9.76787
27895.5,9.88447
27896,10.0213
27896.5,10.6582
27897,11.7951
27897.5,13.0451
27898,11.3868
27898.5,10.1648
27899,9.23714
27899.5,9.23714
27900,9.38083
