time,RSUExampleScenario.node[5571].veinsmobility.speed
27893,6.9
27893.5,8.15
27894,9.4
27894.5,10.65
27895,11.9
27895.5,11.6419
27896,11.3471
27896.5,11.0186
27897,9.98695
27897.5,9.09521
27898,8.3201
27898.5,7.64272
27899,7.0476
27899.5,6.522
27900,6.0554
