time,RSUExampleScenario.node[660].veinsmobility.speed
27096.5,2.15
27097,2.65
27097.5,3.65
27098,4.9
27098.5,5.03152
27099,5.15802
27099.5,5.47797
27100,5.97797
27100.5,6.47797
27101,6.97797
27101.5,7.97797
27102,9.22797
27102.5,10.478
27103,11.728
27103.5,11.8668
27104,12.5056
27104.5,13.6445
27105,13.7826
27105.5,14.4208
27106,15.5589
27106.5,15.5457
27107,14.5324
27107.5,11
27108,11
27108.5,11
