time,RSUExampleScenario.node[5575].veinsmobility.speed
27893.5,5.5
27894,6.75
27894.5,8
27895,8.81141
27895.5,9.78103
27896,10.335
27896.5,10.4533
27897,10.572
27897.5,10.913
27898,11.6214
27898.5,12.7789
27899,12.7986
27899.5,10.5864
27900,10.5864
