time,RSUExampleScenario.node[1201].veinsmobility.speed
27179,5.6
27179.5,6.05
27180,6.1381
27180.5,6.24232
27181,6.34231
27181.5,6.9423
27182,8.04229
27182.5,8.5551
27183,8.72218
27183.5,8.71896
27184,8.63257
27184.5,8.50651
27185,8.36244
27185.5,8.22061
27186,8.3298
27186.5,8.81531
27187,8.87648
27187.5,8.83876
27188,8.75106
27188.5,8.64326
27189,8.52981
27189.5,7.96003
27190,7.96003
27190.5,8.22675
27191,8.36004
27191.5,8.99333
27192,9.1119
27192.5,6.8619
