time,RSUExampleScenario.node[660].veinsmobility.speed
27096.5,2.35
27097,2.47818
27097.5,3.10636
27098,3.25168
27098.5,3.897
27099,4.03809
27099.5,4.53809
27100,5.03809
27100.5,5.53809
27101,6.03809
27101.5,7.03809
27102,8.28809
27102.5,9.53809
27103,10.7881
27103.5,10.9146
27104,11.5411
27104.5,12.6677
27105,13.9177
27105.5,15.1677
27106,16.4177
27106.5,16.1677
27107,14.9177
27107.5,13.1313
27108,11
27108.5,11
27109,11
