time,RSUExampleScenario.node[5752].veinsmobility.speed
27887.5,3.7
27888,4.95
27888.5,6.2
27889,6.33979
27889.5,6.39863
27890,6.95747
27890.5,8.01631
27891,9.26631
27891.5,10.5163
27892,9.00413
27892.5,7.44239
27893,5.81885
27893.5,4.11304
27894,4.11304
27894.5,4.61304
27895,5.61304
27895.5,6.86304
27896,8.11304
27896.5,9.36304
27897,10.613
27897.5,10.7418
27898,9.68632
27898.5,9.68632
27899,10.1863
27899.5,9.16852
27900,9.16852
