time,RSUExampleScenario.node[5787].veinsmobility.speed
27893,5.5
27893.5,5.63582
27894,5.77133
27894.5,5.90701
27895,6.0421
27895.5,6.67719
27896,7.81228
27896.5,9.06228
27897,10.0997
27897.5,10.9508
27898,11.0758
27898.5,11.7008
27899,12.7158
27899.5,13.4967
27900,13.5266
