time,RSUExampleScenario.node[5773].veinsmobility.speed
27891,2.80169
27891.5,2.52024
27892,2.63567
27892.5,2.83195
27893,3.16781
27893.5,2.58401
27894,2.1626
27894.5,2.2412
27895,2.81979
27895.5,3.89838
27896,1.64838
27896.5,0
27897,0
27897.5,0.5
27898,1.5
27898.5,2.75
27899,4
27899.5,4.11478
27900,3.05462
