time,RSUExampleScenario.node[5768].veinsmobility.speed
27890,2.15
27890.5,2.65
27891,3.65
27891.5,4.9
27892,6.15
27892.5,5.03551
27893,5.03551
27893.5,5.10568
27894,5.67585
27894.5,6.1648
27895,7.15376
27895.5,8.40376
27896,9.65376
27896.5,10.9038
27897,12.1538
27897.5,13.4038
27898,14.6538
27898.5,15.9038
27899,17.1538
27899.5,18.4038
27900,19.6538
