time,RSUExampleScenario.node[5794].veinsmobility.speed
27893.5,5.5
27894,6.17441
27894.5,6.27355
27895,6.37365
27895.5,6.47473
27896,6.5762
27896.5,6.89246
27897,7.61973
27897.5,8.60542
27898,9.85542
27898.5,10.7243
27899,11.4766
27899.5,11.8528
27900,12.5451
