time,RSUExampleScenario.node[5780].veinsmobility.speed
27892,5.5
27892.5,6.75
27893,8
27893.5,9.25
27894,10.5
27894.5,10.6398
27895,10.0138
27895.5,10.0138
27896,10.5138
27896.5,11.0138
27897,10.2827
27897.5,10.2827
27898,9.82533
27898.5,9.86799
27899,10.368
27899.5,11.368
27900,10.2028
