time,RSUExampleScenario.node[5782].veinsmobility.speed
27892.5,0.2
27893,0
27893.5,0
27894,0
27894.5,0
27895,0.5
27895.5,0
27896,0
27896.5,0.18109
27897,0
27897.5,0
27898,0
27898.5,0.170421
27899,0
27899.5,0
27900,0
