time,RSUExampleScenario.node[5749].veinsmobility.speed
27887.5,5.41456
27888,6.10117
27888.5,6.34105
27889,4.09105
27889.5,4.09105
27890,1.84105
27890.5,1.84105
27891,2.34105
27891.5,3.34105
27892,3.88622
27892.5,3.99217
27893,4.08684
27893.5,4.189
27894,4.25584
27894.5,4.68767
27895,4.78925
27895.5,4.71325
27896,4.41705
27896.5,4.1284
27897,4.33976
27897.5,2.16894
27898,2.16894
27898.5,0
27899,0.411481
27899.5,0.466177
27900,0.531096
