time,RSUExampleScenario.node[3657].veinsmobility.speed
27537.5,6.11323
27538,6.1555
27538.5,6.25588
27539,6.37001
27539.5,6.39686
27540,6.42029
27540.5,6.80679
27541,6.9296
27541.5,7.04599
27542,7.14488
27542.5,7.25869
27543,7.60059
27543.5,8.02154
27544,8.31142
27544.5,8.40898
27545,8.49975
27545.5,8.79882
27546,9.19836
27546.5,9.32541
27547,9.42408
27547.5,9.50066
27548,10.039
27548.5,10.7249
27549,11.1125
27549.5,11.2413
27550,11
27550.5,11
