time,RSUExampleScenario.node[5739].veinsmobility.speed
27885.5,6.9
27886,7.01015
27886.5,7.6203
27887,8.59467
27887.5,9.84467
27888,11.0947
27888.5,12.3447
27889,13.5947
27889.5,14.7322
27890,15.9026
27890.5,17.1526
27891,18.0978
27891.5,18.2372
27892,18.3744
27892.5,18.3284
27893,18.3054
27893.5,18.2939
27894,18.2882
27894.5,18.2577
27895,18.0567
27895.5,16.8557
27896,14.6547
27896.5,14
27897,14
27897.5,14
27898,14
27898.5,13.5294
27899,12.9559
27899.5,12.3341
27900,11.708
