time,RSUExampleScenario.node[5763].veinsmobility.speed
27889.5,5.5
27890,5.62312
27890.5,6.24623
27891,6.37777
27891.5,6.49214
27892,6.59394
27892.5,6.65939
27893,6.67539
27893.5,7.19138
27894,8.20738
27894.5,9.45738
27895,9.35889
27895.5,9.49393
27896,10.129
27896.5,11.264
27897,11.3976
27897.5,11
27898,11
27898.5,11
27899,11
27899.5,11.5
27900,12.5
