time,RSUExampleScenario.node[2289].veinsmobility.speed
27337.5,4.58986
27338,5.15734
27338.5,6.22481
27339,7.47481
27339.5,8.72481
27340,8.63085
27340.5,8.44476
27341,8.26879
27341.5,8.07533
27342,7.83957
27342.5,8.10382
27343,7.88318
27343.5,7.70203
27344,8.02087
27344.5,8.83971
27345,10.0897
27345.5,9.76734
27346,9.48757
27346.5,9.19276
27347,8.87983
27347.5,8.55612
27348,8.22835
27348.5,7.90718
27349,7.57839
27349.5,7.21695
27350,6.77836
27350.5,6.49456
27351,6.54911
