time,RSUExampleScenario.node[5759].veinsmobility.speed
27889,5.90779
27889.5,6.46557
27890,4.36508
27890.5,4.36508
27891,4.86508
27891.5,5.82942
27892,5.48494
27892.5,5.54729
27893,5.60871
27893.5,5.65547
27894,5.7772
27894.5,5.89483
27895,6.00599
27895.5,6.10692
27896,6.16906
27896.5,5.90709
27897,5.25552
27897.5,4.75045
27898,3.24538
27898.5,3.24538
27899,0.995375
27899.5,0
27900,0
