time,RSUExampleScenario.node[5814].veinsmobility.speed
27896.5,2.15
27897,1.07478
27897.5,1.07478
27898,1.57478
27898.5,2.07478
27899,2.57478
27899.5,3.07478
27900,3.57478
