time,RSUExampleScenario.node[5819].veinsmobility.speed
27897.5,2.85252
27898,2.19902
27898.5,1.63114
27899,1.48356
27899.5,1.6318
27900,2.28005
