time,RSUExampleScenario.node[5747].veinsmobility.speed
27887,6.49236
27887.5,7.33854
27888,8.38663
27888.5,9.53568
27889,10.7857
27889.5,12.0357
27890,13.2857
27890.5,14.4697
27891,15.129
27891.5,15.531
27892,16.0419
27892.5,16.3543
27893,16.5635
27893.5,16.7209
27894,16.8464
27894.5,16.9606
27895,17.3035
27895.5,17.4557
27896,17.522
27896.5,17.6364
27897,16.1432
27897.5,14.5396
27898,14
27898.5,14
27899,14.5
27899.5,15.5
27900,15.6452
