time,RSUExampleScenario.node[5791].veinsmobility.speed
27893.5,2.53627
27894,2.29601
27894.5,2.55575
27895,3.31548
27895.5,2.74053
27896,2.74053
27896.5,3.11712
27897,3.4732
27897.5,4.1732
27898,1.9232
27898.5,0
27899,0
27899.5,0.583333
27900,1.45833
