time,RSUExampleScenario.node[5777].veinsmobility.speed
27891.5,4.60936
27892,4.71248
27892.5,4.79679
27893,4.86944
27893.5,4.95088
27894,5.53232
27894.5,5.61181
27895,5.65746
27895.5,5.5629
27896,5.13368
27896.5,4.83455
27897,4.54081
27897.5,4.74707
27898,5.45333
27898.5,3.20333
27899,3.20333
27899.5,3.70333
27900,2.0793
