time,RSUExampleScenario.node[5775].veinsmobility.speed
27891,2.15
27891.5,2.05694
27892,2.14179
27892.5,1.95169
27893,1.77501
27893.5,1.64269
27894,1.54128
27894.5,1.45877
27895,1.38524
27895.5,1.2999
27896,0.58227
27896.5,0.58227
27897,1.08227
27897.5,1.08875
27898,1.14697
27898.5,1.42413
27899,1.47392
27899.5,1.53253
27900,1.45559
