time,RSUExampleScenario.node[5748].veinsmobility.speed
27887.5,4.9816
27888,5.56321
27888.5,4.86605
27889,4.86605
27889.5,5.36605
27890,4.72199
27890.5,4.72199
27891,4.77133
27891.5,4.75327
27892,4.67054
27892.5,4.53904
27893,4.40526
27893.5,4.21378
27894,3.93495
27894.5,3.59094
27895,3.11685
27895.5,3.14276
27896,2.3615
27896.5,1.86402
27897,1.07966
27897.5,0.690359
27898,0
27898.5,0.317315
27899,0
27899.5,0.0450993
27900,0.415688
