time,RSUExampleScenario.node[5808].veinsmobility.speed
27896,0
27896.5,0.81452
27897,1.75303
27897.5,0.874912
27898,0
27898.5,0.0911192
27899,0.184832
27899.5,0.275511
27900,0.358881
