time,RSUExampleScenario.node[5792].veinsmobility.speed
27893.5,0
27894,0
27894.5,0.7
27895,1.72309
27895.5,0
27896,0
27896.5,0.0914854
27897,0.1814
27897.5,0.771315
27898,1.86123
27898.5,0.932219
27899,0.563841
27899.5,0.484362
27900,0.240669
