time,RSUExampleScenario.node[1902].veinsmobility.speed
27280.5,6.9
27281,6.91189
27281.5,6.92195
27282,7.42195
27282.5,8.42195
27283,9.67195
27283.5,10.922
27284,12.172
27284.5,13.422
27285,14.672
27285.5,14.6457
27286,14.1381
27286.5,13.5366
27287,12.8691
27287.5,12.1678
27288,11.5219
27288.5,11.5219
27289,11
27289.5,9.47808
27290,9.47808
