time,RSUExampleScenario.node[5744].veinsmobility.speed
27887,3.29281
27887.5,3.79281
27888,4.05173
27888.5,3.8651
27889,3.79448
27889.5,3.81945
27890,4.14596
27890.5,4.84609
27891,5.82115
27891.5,6.93368
27892,8.18368
27892.5,9.43368
27893,10.6837
27893.5,11.9337
27894,13.1837
27894.5,14.4337
27895,15.6837
27895.5,16.9337
27896,18.1837
27896.5,19.4337
27897,19.5652
27897.5,19.7009
27898,19.8334
27898.5,19.9664
27899,20.0958
27899.5,20.7251
27900,21.8544
