time,RSUExampleScenario.node[5818].veinsmobility.speed
27897,6.9
27897.5,8.15
27898,8.28574
27898.5,8.40094
27899,8.51097
27899.5,9.12101
27900,10.231
