time,RSUExampleScenario.node[5769].veinsmobility.speed
27890.5,0
27891,0
27891.5,0
27892,0
27892.5,0
27893,0.25315
27893.5,0.928658
27894,1.89141
27894.5,0.87904
27895,0.87904
27895.5,1.37904
27896,2.37904
27896.5,3.62904
27897,3.33361
27897.5,2.03818
27898,1.01834
27898.5,0.501832
27899,0
27899.5,0
27900,0
