time,RSUExampleScenario.node[5795].veinsmobility.speed
27893.5,2.94176
27894,2.39728
27894.5,2.04812
27895,1.8151
27895.5,1.65234
27896,1.53151
27896.5,1.43208
27897,1.16031
27897.5,0.855639
27898,0
27898.5,0.542936
27899,0.827163
27899.5,1.06115
27900,1.25446
